INSERT INTO TB_ROLE (id, description, created_at, updated_at, is_Active, version)
VALUES ('550e8400-e29b-41d4-a716-446655440000', 'admin', CURRENT_TIMESTAMP, CURRENT_TIMESTAMP, TRUE, 1),
       ('550e8400-e29b-41d4-a716-446655440001', 'user', CURRENT_TIMESTAMP, CURRENT_TIMESTAMP, TRUE, 1),
       ('550e8400-e29b-41d4-a716-446655440002', 'guest', CURRENT_TIMESTAMP, CURRENT_TIMESTAMP, TRUE, 1);

INSERT INTO TB_MENU_ITEM (id, title, uri, icon_uri, next_menu_item_id, created_at, updated_at, is_Active, version)
VALUES ('330e8400-e29b-41d4-a716-446655440042', 'About', '/about', 'about.png', NULL, CURRENT_TIMESTAMP, CURRENT_TIMESTAMP, TRUE, 1),
        ('330e8400-e29b-41d4-a716-446655440041', 'Help', '/help', 'help.png', '330e8400-e29b-41d4-a716-446655440042', CURRENT_TIMESTAMP, CURRENT_TIMESTAMP, TRUE, 1),
       ('330e8400-e29b-41d4-a716-446655440040', 'Tasks', '/tasks', 'tasks.png', '330e8400-e29b-41d4-a716-446655440041', CURRENT_TIMESTAMP, CURRENT_TIMESTAMP, TRUE, 1),
       ('330e8400-e29b-41d4-a716-446655440039', 'Notifications', '/notifications', 'notifications.png', '330e8400-e29b-41d4-a716-446655440040', CURRENT_TIMESTAMP, CURRENT_TIMESTAMP, TRUE, 1),
       ('330e8400-e29b-41d4-a716-446655440038', 'Messages', '/messages', 'messages.png', '330e8400-e29b-41d4-a716-446655440039', CURRENT_TIMESTAMP, CURRENT_TIMESTAMP, TRUE, 1),
       ('330e8400-e29b-41d4-a716-446655440037', 'Dashboard', '/dashboard', 'dashboard.png', '330e8400-e29b-41d4-a716-446655440038', CURRENT_TIMESTAMP, CURRENT_TIMESTAMP, TRUE, 1),
       ('330e8400-e29b-41d4-a716-446655440036', 'Logout', '/logout', 'logout.png', '330e8400-e29b-41d4-a716-446655440037', CURRENT_TIMESTAMP, CURRENT_TIMESTAMP, TRUE, 1),
       ('330e8400-e29b-41d4-a716-446655440035', 'Settings', '/settings', 'settings.png', '330e8400-e29b-41d4-a716-446655440036', CURRENT_TIMESTAMP, CURRENT_TIMESTAMP, TRUE, 1),
        ('330e8400-e29b-41d4-a716-446655440034', 'Profile', '/profile', 'profile.png', '330e8400-e29b-41d4-a716-446655440035', CURRENT_TIMESTAMP, CURRENT_TIMESTAMP, TRUE, 1),
        ('330e8400-e29b-41d4-a716-446655440033', 'Home', '/home', 'home.png', '330e8400-e29b-41d4-a716-446655440034', CURRENT_TIMESTAMP, CURRENT_TIMESTAMP, TRUE, 1);


INSERT INTO TB_Role_Menu_Item (role_id, menu_item_id)
VALUES ('550e8400-e29b-41d4-a716-446655440000', '330e8400-e29b-41d4-a716-446655440033'),
       ('550e8400-e29b-41d4-a716-446655440001', '330e8400-e29b-41d4-a716-446655440033'),
       ('550e8400-e29b-41d4-a716-446655440002', '330e8400-e29b-41d4-a716-446655440033'),
       ('550e8400-e29b-41d4-a716-446655440000', '330e8400-e29b-41d4-a716-446655440034'),
       ('550e8400-e29b-41d4-a716-446655440000', '330e8400-e29b-41d4-a716-446655440035'),
       ('550e8400-e29b-41d4-a716-446655440001', '330e8400-e29b-41d4-a716-446655440036'),
       ('550e8400-e29b-41d4-a716-446655440001', '330e8400-e29b-41d4-a716-446655440037'),
       ('550e8400-e29b-41d4-a716-446655440001', '330e8400-e29b-41d4-a716-446655440038'),
       ('550e8400-e29b-41d4-a716-446655440002', '330e8400-e29b-41d4-a716-446655440039'),
       ('550e8400-e29b-41d4-a716-446655440002', '330e8400-e29b-41d4-a716-446655440040'),
       ('550e8400-e29b-41d4-a716-446655440002', '330e8400-e29b-41d4-a716-446655440041');
